<?xml version="1.0" encoding="UTF-8"?>
<!DOCTYPE suite SYSTEM "http://testng.org/testng-1.0.dtd">
<suite name="Regression Suite" guice-stage="DEVELOPMENT">
	<test name="Lead" verbose="2">
		<classes>
			<class name="com.mdm.ui.createproject.CreateLeadTest" />
			<class name="com.mdm.ui.createproject.DuplicateLeadTest" />
			<class name="com.mdm.ui.createproject.UpdateLeadTest" />
		</classes>
	</test>
	<test name="Assignment" verbose="2">
		<classes>
			<class name="com.mdm.ui.assignment.CreateAssignmentTest" />
			<class name="com.mdm.ui.assignment.UpdateAssignmentTest" />			
			<class name="com.mdm.ui.assignment.AcceptAssignmentTest" />
			<class name="com.mdm.ui.assignment.RejectAssignmentTest" />
			<class name="com.mdm.ui.assignment.ConfirmAssignmentTest" />
			<class name="com.mdm.ui.assignment.CloseAssignmentTest" />
		</classes>
	</test>
</suite>